title,lable
生物群系,newNode
Category:Temperate broadleaf and mixed forests,newNode
人类,newNode
维基媒体消歧义页,newNode
领土实体,newNode
Centraal,newNode
日本汉字字符,newNode
绿色,newNode
农业用地,newNode
汉姓,newNode
4年级汉字,newNode
Category:草坪,newNode
中华民国,newNode
vegetation zone,newNode
人部,newNode
俄语百科全书,newNode
Qing,newNode
日本汉字,newNode
生物分类单元,newNode
生理状况,newNode
林泰,newNode
Small Brockhaus and Efron Encyclopedic Dictionary,newNode
Yikuang,newNode
Category:Mangroves,newNode
百家姓,newNode
森林生态学,newNode
absence,newNode
林世远,newNode
Great Encyclopedia of Cyril and Methodius,newNode
爱新觉罗,newNode
Juniperus sect. Sabina,newNode
算盘子属,newNode
易危物种,newNode
高 (消歧义),newNode
Portal:Health and fitness,newNode
bowling green,newNode
紫檀属,newNode
香槐属,newNode
千斤拔属,newNode
Cao,newNode
Category:健康,newNode
pitch,newNode
绵性,newNode
Category:Elaeocarpus sylvestris,newNode
Ko,newNode
Wikipedia:基础条目,newNode
载振,newNode
蚬木属,newNode
Category:Pterocarpus indicus,newNode
Category:Tilia amurensis,newNode
奕劻,newNode
银钩花属,newNode
书法家,newNode
橄榄,newNode
画家,newNode
苦,newNode
红豆杉属,newNode
政治人物,newNode
奥利瓦,newNode
Category:Pterocarya stenoptera,newNode
濒危物种,newNode
内阁总理大臣,newNode
壳菜果属,newNode
Ervatamia,newNode
Liquidambar chinensis,newNode
满洲镶蓝旗,newNode
Commandant,newNode
Nordisk familjebok,newNode
朗达玛,newNode
云丹,newNode
Category:雨林,newNode
跨界河流,newNode
恒河盆地,newNode
Category:Eurya japonica,newNode
拜河,newNode
颍河,newNode
Tentative World Heritage Site,newNode
莫艾河,newNode
南塔河,newNode
千岛湖,newNode
潢河 (淮河),newNode
吉英河,newNode
南乌河,newNode
鸽属,newNode
史灌河,newNode
南庞河,newNode
洞里萨湖,newNode
无危物种,newNode
洪河,newNode
南登河,newNode
南俄河,newNode
Hierococcyx,newNode
Clamator,newNode
Category:Columba livia,newNode
Category:钱塘江,newNode
南卡江,newNode
郭河,newNode
Svensk uppslagsbok,newNode
Ing River,newNode
Bird of the Year,newNode
Category:Clamator coromandus,newNode
Template:珠江水系,newNode
Category:Cuculus canorus,newNode
Category:珠江水系,newNode
公河,newNode
洛克河,newNode
南屯河,newNode
Category:Salween River,newNode
Tonlé San,newNode
亚美尼亚苏维埃百科全书,newNode
斯雷伯克河,newNode
Template:淮河,newNode
邦亨河,newNode
Category:淮河水系,newNode
黄河,newNode
子曲,newNode
昂曲,newNode
Ngao River,newNode
伯劳属,newNode
太平鸟属,newNode
Kam river,newNode
Category:伯劳科,newNode
Mekong River basin,newNode
Category:Lanius cristatus,newNode
Ramsar site,newNode
Category:湄公河,newNode
Category:Mekong Basin,newNode
噪鹛属,newNode
Trochalopteron,newNode
原始组合,newNode
Garrulax lineatus,newNode
Cinclosoma lineatum,newNode
燕雀属,newNode
Passeroidea,newNode
Category:麻雀科,newNode
Encyclopedia of Armenian Nature,newNode
Lasiopodomys,newNode
Ondatra,newNode
兔尾鼠属,newNode
Category:Ondatra zibethicus,newNode
New Encyclopedic Dictionary,newNode
not evaluated,newNode
始鼢鼠属,newNode
Eospalax cansus,newNode
Pallasiomys,newNode
Eospalax baileyi,newNode
沙鼠属,newNode
仓鼠属,newNode
Eospalax rufescens,newNode
Category:Meriones unguiculatus,newNode
白腹鼠属,newNode
大家鼠,newNode
Mus cinnamomeus Blyth 1859,newNode
Mus losea,newNode
姬鼠属,newNode
Micromys,newNode
竹鼠属,newNode
Category:Apodemus agrarius,newNode
Typhlomys,newNode
Category:Micromys minutus,newNode
Category:鼠科,newNode
Dipus,newNode
Explanatory Dictionary of the Living Great Russian Language,newNode
岩松鼠属,newNode
Rupestes,newNode
Castoridae,newNode
Citellus,newNode
Rupestes forresti,newNode
beaver dam,newNode
Category:Castor,newNode
丽松鼠属,newNode
乔治·福雷斯特,newNode
大保利古典学百科全书,newNode
Ochotona,newNode
Ochotonidae,newNode
Lagomys,newNode
Category:Ochotona dauurica,newNode
Lepus,newNode
Category:Pikas,newNode
Rabbits and hares in the arts,newNode
羊属,newNode
岩羊属,newNode
Hemitragus,newNode
斑羚属,newNode
Serow,newNode
Budorcas,newNode
Category:Lepus timidus,newNode
Category:兔科,newNode
近危物种,newNode
Category:Ovis ammon,newNode
Category:Pseudois nayaur,newNode
Category:Nilgiritragus hylocrius,newNode
Category:Naemorhedus goral,newNode
Rusa,newNode
鹿属,newNode
Cervus unicolor,newNode
Rucervus,newNode
Elaphurus,newNode
空齿鹿亚科,newNode
Axis,newNode
Elaphodus,newNode
Alces,newNode
Panolia eldii,newNode
野外绝灭,newNode
Category:狍属,newNode
Hyelaphus porcinus,newNode
真鹿亚科,newNode
Category:Cervus nippon,newNode
Cervus eldii,newNode
谭卫道,newNode
Cervus porcinus,newNode
Category:Muntjac,newNode
Category:Elaphodus cephalophus,newNode
Animal of the Year,newNode
Category:Muntiacus crinifrons,newNode
麝属,newNode
Category:Muntiacus reevesi,newNode
有角下目,newNode
反刍亚目,newNode
胼足亚目,newNode
Category:Elaphurus davidianus,newNode
Category:Alces alces,newNode
异名,newNode
Category:Suidae,newNode
Category:Cervus albirostris,newNode
antler,newNode
云豹属,newNode
Category:鼷鹿科,newNode
camelid fiber,newNode
Category:Sus scrofa,newNode
Category:Cervus eldii,newNode
Category:Axis porcinus,newNode
西卡集团,newNode
buff leather,newNode
豹属,newNode
Category:骆驼科,newNode
Category:Equus ferus,newNode
glossary of equestrian terms,newNode
Uncia uncia,newNode
Felis pardus,newNode
Category:Neofelis nebulosa,newNode
Real'nyj slovar' klassicheskih drevnostej po Ljubkeru,newNode
critically endangered,newNode
Category:马科,newNode
Felis uncia,newNode
更新世,newNode
Jewish Encyclopedia of Brockhaus and Efron,newNode
Category:鹿科,newNode
Category:豹,newNode
Category:Panthera uncia,newNode
有蹄类,newNode
Bible Encyclopedia of Archimandrite Nicephorus,newNode
WikiProject Zika Corpus,newNode
roar,newNode
澳大利亚洲,newNode
Category:虎,newNode
鼬属,newNode
单型,newNode
貂属,newNode
Gulo,newNode
鼬超科,newNode
犬型亚目,newNode
Category:Mustela sibirica,newNode
猫熊属,newNode
熊属,newNode
Ursoidea,newNode
Cuon,newNode
Category:Martes zibellina,newNode
Category:Gulo gulo,newNode
Category:Martes foina,newNode
Category:鼬科,newNode
Ursus melanoleucus,newNode
顶级掠食者,newNode
地通拿海滩,newNode
熊胆,newNode
Category:Mustela erminea,newNode
Category:熊猫科,newNode
渐新世,newNode
Maninae,newNode
词曲作家,newNode
簕竹族,newNode
Category:浣熊科,newNode
Canis vulpes,newNode
犬属,newNode
quadrupedalism,newNode
Category:Manis,newNode
Category:Hoolock,newNode
音乐制作人,newNode
Category:熊科,newNode
Category:大熊猫,newNode
Ailurinae,newNode
Category:Vulpes corsac,newNode
Colobinae,newNode
猕猴,newNode
歌手,newNode
Category:Ursus arctos,newNode
Great Soviet Encyclopedia (1926–1947),newNode
Oryctolagus,newNode
Presbytini,newNode
Template:Taxonomy/Canidae,newNode
饶舌者,newNode
Category:Vulpes vulpes,newNode
Category:仰鼻猴属,newNode
Category:Macaca nemestrina,newNode
Category:犬科,newNode
当代节奏蓝调,newNode
欧洲野兔,newNode
驼鹿,newNode
美洲野牛属,newNode
麝牛,newNode
野猪,newNode
欧洲盘羊,newNode
臆羚属,newNode
Cercopithecoidea,newNode
蜂猴属,newNode
树鼩属,newNode
Category:猴科,newNode
Tupaia clarissa,newNode
Category:Macaca assamensis,newNode
Category:Loris tardigradus,newNode
家猫,newNode
Eptesicus,newNode
蝙蝠属,newNode
苹果,newNode
Category:Eptesicus serotinus,newNode
Category:Vespertilio murinus,newNode
小蝙蝠亚目,newNode
鲑鱼,newNode
Vespertilionoidea,newNode
骡鹿,newNode
Category:蝙蝠科,newNode
西方狍,newNode
欧洲马鹿,newNode
Ovis orientalis musimon,newNode
加拿大马鹿,newNode
厨馀,newNode
Category:Canis lupus,newNode
短尾鼩属,newNode
麝鼩属,newNode
Category of Pteropodidae by common name,newNode
Category:Megabats,newNode
臭鼩属,newNode
Category:Suncus murinus,newNode
猬科,newNode
Plectrophenax,newNode
大耳猬属,newNode
滚动,newNode
Category:Hemiechinus auritus,newNode
Template:Erinaceinae,newNode
Category:Erinaceinae,newNode
豪猪,newNode
Coccothraustes,newNode
蜡嘴雀属,newNode
Category:Coccothraustes coccothraustes,newNode
game piece,newNode
日本将棋,newNode
Spinus,newNode
麻雀属,newNode
Carduelis spinus,newNode
Chrysomitris spinus,newNode
Category:Passer montanus,newNode
Fringilla spinus,newNode
Category:织布鸟科,newNode
Category:Spinus spinus,newNode
鸣禽,newNode
Category:太阳鸟科,newNode
Category:Dicaeidae,newNode
Category:Remizidae,newNode
旋木雀属,newNode
Poecile,newNode
欧亚大陆,newNode
Parus cinereus montanus,newNode
Parus palustris,newNode
Periparus,newNode
Pardaliparus,newNode
Category:Certhia familiaris,newNode
Parus ater,newNode
Parus venustulus,newNode
Category:Poecile montanus,newNode
Category:Poecile palustris,newNode
自然系统第10版,newNode
山雀属,newNode
Sylvioidea,newNode
种子,newNode
Category:Parus major,newNode
Category:山雀科,newNode
Sinosuthora,newNode
Paradoxornis webbianus,newNode
Suthora webbiana,newNode
Cinclosoma variegatum,newNode
钩嘴鹛属,newNode
Troglodytes,newNode
Cinclidae,newNode
Category:鹪鹩科,newNode
Category:Cinclus,newNode
Category:Troglodytes troglodytes,newNode
Category:Corvus corone,newNode
Category:Corvus macrorhynchos,newNode
near threatened,newNode
Cyanopica,newNode
蓝鹊属,newNode
松鸦属,newNode
Corvoidea,newNode
Gracula,newNode
Category:Corvus frugilegus,newNode
Category:Cyanopica cyanus,newNode
Category:Urocissa erythrorhyncha,newNode
Category:鸦科,newNode
Category:Garrulus glandarius,newNode
八哥属,newNode
Spodiopsar,newNode
vulnerable,newNode
Sturnus cineraceus,newNode
Category:Acridotheres cristatellus,newNode
Category:Spodiopsar cineraceus,newNode
Category:椋鸟科,newNode
Dicrurus,newNode
Category:Dicruridae,newNode
Category:黄鹂科,newNode
鹨属,newNode
Cecropis,newNode
Category:Anthus novaeseelandiae,newNode
Hirundo daurica,newNode
岩燕属,newNode
角百灵属,newNode
云雀属,newNode
Eurasian crag-martin,newNode
Category:燕科,newNode
Category:Cecropis daurica,newNode
Category:Eremophila alpestris,newNode
Category:百灵科,newNode
地狱辞典,newNode
Category:Alauda arvensis,newNode
Category:八色鸫科,newNode
Psarisomus,newNode
霸鹟亚目,newNode
Category:Eurylaimidae by common name,newNode
Category:阔嘴鸟科,newNode
Picoides,newNode
Micropternus,newNode
凤头犀鸟属,newNode
Upupa,newNode
Eurystomus,newNode
猫头鹰,newNode
Category:鸱鸮科,newNode
Category:草鸮科,newNode
Category:Upupa,newNode
Category:Eurystomus orientalis,newNode
鸦鹃属,newNode
Chrysococcyx,newNode
Koel,newNode
Surniculus,newNode
Category:杜鹃科,newNode
Category:Centropus bengalensis,newNode
Category:Eudynamys scolopaceus,newNode
Psittacoidea,newNode
斑鸠属,newNode
Category:鹦鹉科,newNode
鹃鸠属,newNode
皇鸠属,newNode
Category:Streptopelia decaocto,newNode
绿鸠属,newNode
Category:鸠鸽科,newNode
Category:Treron sieboldii,newNode
Cerorhinca,newNode
Pan-Alcidae,newNode
Pterocliformes,newNode
Category:海雀科,newNode
Category:Pteroclididae,newNode
Category:Cerorhinca monocerata,newNode
Onychoprion,newNode
Sterna fuscata,newNode
Chroicocephalus,newNode
Category:Onychoprion fuscatus,newNode
Larus ridibundus,newNode
Lari,newNode
Category:Chroicocephalus ridibundus,newNode
Category:Gulls,newNode
regionally extinct,newNode
Category:Glareolidae,newNode
Category:贼鸥科,newNode
瓣蹼鹬属,newNode
Category:Phalaropus lobatus,newNode
Skua,newNode
杓鹬属,newNode
鹬属,newNode
Category:Numenius madagascariensis,newNode
Category:鹬科,newNode
Category:Tringa erythropus,newNode
鸻属,newNode
麦鸡属,newNode
Category:Charadrius alexandrinus,newNode
彩鹬属,newNode
Tetrax,newNode
骨顶属,newNode
Category:鸻科,newNode
Category:Rostratulidae,newNode
Charadriidae,newNode
Category:Fulica atra,newNode
Gallinula,newNode
Porzana,newNode
Category:Gallinula chloropus,newNode
Rallus fuscus,newNode
Crex,newNode
Rallus,newNode
homotypic synonym,newNode
Leucogeranus,newNode
鹤属,newNode
Category:Crex crex,newNode
Category:秧鸡科,newNode
蓑羽鹤属,newNode
Siberian Crane,newNode
Turnix,newNode
Turniciformes,newNode
Ardea virgo,newNode
Ardea antigone,newNode
极危,newNode
Category:Grus japonensis,newNode
Category:Grus nigricollis,newNode
Ardea grus,newNode
Category:鹤科,newNode
Category:三趾鹑科,newNode
Category:Pavo muticus,newNode
Category:Grus grus,newNode
长尾雉属,newNode
家禽,newNode
锦鸡属,newNode
马鸡属,newNode
雉属,newNode
虹雉属,newNode
鷴属,newNode
Sarah Amherst,newNode
台湾,newNode
Category:Chrysolophus amherstiae,newNode
Category:Crossoptilon mantchuricum,newNode
Category:Crossoptilon auritum,newNode
角雉属,newNode
Ithaginis,newNode
Category:Lophophorus impejanus,newNode
史温侯,newNode
Samuel Cabot,newNode
Category:Tragopan temminckii,newNode
Category:Tragopan blythii,newNode
Perdix,newNode
鹑属,newNode
石鸡属,newNode
雉鹑属,newNode
Testrates,newNode
Category:Alectoris chukar,newNode
Category:雉科,newNode
Tetrao,newNode
hobby,newNode
Category:Tetraoninae,newNode
Category:Tetrao urogallus,newNode
Category:Falco columbarius,newNode
Category:Falco subbuteo,newNode
鹞属,newNode
Category:隼科,newNode
Category:Falco peregrinus,newNode
Category:Circus aeruginosus,newNode
真鵰属,newNode
Nisaetus,newNode
海鵰属,newNode
Category:Circus cyaneus,newNode
Category:Aquila chrysaetos,newNode
鹰属,newNode
Category:Aquila heliaca,newNode
not applicable,newNode
Category:Accipiter nisus,newNode
Category:Accipiter trivirgatus,newNode
鹰形目,newNode
锯子鸭,newNode
Category:Haliaeetus albicilla,newNode
Category:Accipiter gentilis,newNode
Accipitroidea,newNode
Category:鹰科,newNode
Clangula,newNode
Goldeneye,newNode
Category:Clangula hyemalis,newNode
潜鸭属,newNode
鸳鸯属,newNode
Category:Bucephala clangula,newNode
Encyclopedic Lexicon,newNode
Category:Aythya ferina,newNode
Category:Aythya fuligula,newNode
鸭属,newNode
Category:Aix galericulata,newNode
Category:Spatula clypeata,newNode
Category:Anas poecilorhyncha,newNode
雁属,newNode
Category:Cygnus cygnus,newNode
Category:Anser indicus,newNode
Category:Anser anser,newNode
Category:Anser cygnoides,newNode
Category:鸭科,newNode
鹳属,newNode
Category:鹳科,newNode
Category:Ciconia ciconia,newNode
池鹭属,newNode
鹭属,newNode
白鹭属,newNode
Category:Ardeola bacchus,newNode
Bubulcus,newNode
军舰鸟,newNode
Category:Herons,newNode
Category:Ardea alba,newNode
Category:Egretta garzetta,newNode
Category:Bubulcus ibis,newNode
Category:鹭科,newNode
鸬鹚,newNode
鲣鸟属,newNode
Category:Ardea cinerea,newNode
Category:Fregata,newNode
Category:鸬鹚科,newNode
鲣鸟目,newNode
Pelicans,newNode
鹲属,newNode
Category:鸬鹚属,newNode
Category:Sula leucogaster,newNode
Category:Sula sula,newNode
Category:Pelecanus,newNode
Template:Phaethon,newNode
Category:Hydrobatidae,newNode
Category:鲣鸟科,newNode
Category:Phaethon,newNode
Category:鹱科,newNode
Category:Diomedeidae,newNode
海蛇属,newNode
Deinagkistrodon,newNode
蝰属,newNode
蝰蛇科,newNode
Praescutata viperina,newNode
Category:Deinagkistrodon acutus,newNode
Category:Viperinae,newNode
Antonio Orsini,newNode
Category:Vipera ursinii,newNode
Azemiops,newNode
Sinomicrurus,newNode
Leonardo Fea,newNode
花条蛇属,newNode
Myrrophis,newNode
Category:Vipera berus,newNode
Ophiophagus,newNode
Psammodynastes,newNode
新蛇小目,newNode
林蛇属,newNode
Category:Azemiopinae,newNode
Category:眼镜蛇科,newNode
瘦蛇属,newNode
鼠蛇属,newNode
Category:Ophiophagus hannah,newNode
Category:Ahaetulla prasina,newNode
Category:Ptyas mucosa,newNode
Category:Ptyas korros,newNode
后棱蛇属,newNode
Sytin Military Encyclopedia,newNode
翠青蛇属,newNode
曙蛇属,newNode
Oocatochus,newNode
Category:Orthriophis taeniurus,newNode
Elaphe rufodorsata,newNode
锦蛇属,newNode
白环蛇属,newNode
Category:Elaphe carinata,newNode
Dinodon rosozonatum,newNode
Hierophis,newNode
数据缺乏,newNode
Dinodon rufozonatum,newNode
Atretium,newNode
钝头蛇属,newNode
脊蛇属,newNode
Category:游蛇科,newNode
Crocodile lizard,newNode
Category:Achalinus formosanus,newNode
Takydromus,newNode
Category:Shinisaurus crocodilurus,newNode
Gekko,newNode
壁虎下目,newNode
澳洲蜥虎科,newNode
Category:Gekko gecko,newNode
Category:壁虎科,newNode
Phrynocephalus,newNode
蜡皮蜥亚科,newNode
Acanthosaura,newNode
鬣蜥亚目,newNode
Palea,newNode
曲颈龟亚目,newNode
Category:飞蜥科,newNode
Category:鳖科,newNode
鼋属,newNode
Eretmochelys,newNode
音乐组合,newNode
Category:Dermochelyidae,newNode
嘻哈音乐,newNode
Category:陆龟总科,newNode
Theodore Edward Cantor,newNode
Category:Eretmochelys,newNode
石龟属,newNode
Chinemys,newNode
Platysternon,newNode
Category:Platysternon megacephalum,newNode
姬蛙属,newNode
湍蛙属,newNode
Fejervarya,newNode
Nanorana,newNode
蛙属,newNode
Rana quadranus,newNode
Category:蛙科,newNode
雨蛙属,newNode
Hyloidea,newNode
Duttaphrynus,newNode
Category:雨蛙科,newNode
Bufo melanostictus,newNode
Strauchbufo,newNode
Category:Duttaphrynus melanostictus,newNode
Bufo raddei,newNode
髭蟾属,newNode
地夜蛾属,newNode
夜蛾总科,newNode
Category:Agrotis ipsilon,newNode
Category:夜蛾科,newNode
Category:Notodontidae,newNode
霜天蛾属,newNode
Category:灯蛾科,newNode
Category:Psilogramma menephron,newNode
星天蛾属,newNode
蚕蛾总科,newNode
驯养动物,newNode
Category:天蛾科,newNode
尺蛾总科,newNode
Loxostege,newNode
Bombyx,newNode
Category:尺蛾科,newNode
荒野蒿,newNode
Conogethes,newNode
螟蛾总科,newNode
斑蛾总科,newNode
麦蛾总科,newNode
细蛾总科,newNode
Hepialoidea,newNode
北艾,newNode
pat silk,newNode
Category:螟蛾科,newNode
Category:斑蛾科,newNode
Category:刺蛾科,newNode
Category:Coleophoridae,newNode
Category:Gracillariidae,newNode
Category:Hepialidae,newNode
Category:Loxostege sticticalis,newNode
Category:Bombyx mori,newNode
有瓣亚组,newNode
Ceratitis,newNode
无瓣亚组,newNode
金花虫科,newNode
Anoplophora,newNode
Chrysomeloidea,newNode
Category:花蝇科,newNode
Category:Ceratitis capitata,newNode
Category:实蝇科,newNode
Category:Bruchidae,newNode
Category:Anoplophora chinensis,newNode
Category:Cerambycidae,newNode
叩头虫总科,newNode
金龟总科,newNode
Pentatomoidea,newNode
异翅亚目,newNode
Tessaratoma,newNode
Halyomorpha,newNode
Category:Lampyridae,newNode
Template:Taxonomy/Lucanidae,newNode
Category:Scutelleridae,newNode
Category:盲蝽科,newNode
Category:Halyomorpha halys,newNode
Category:锹形虫科,newNode
胸喙亚目,newNode
分类级别,newNode
Schizaphis,newNode
Rhopalosiphum,newNode
Myzus,newNode
生物控制,newNode
Category:Pseudococcidae,newNode
动物分类级别,newNode
Category:Myzus persicae,newNode
music production,newNode
Paraneoptera,newNode
Odontotermes,newNode
5年级汉字,newNode
植物分类级别,newNode
Category:蝽科,newNode
Category:常蚜科,newNode
Mega,newNode
电脑程式设计,newNode
定积分,newNode
利德,newNode
Category:半翅目,newNode
木部,newNode
领科,newNode
Blattoidae,newNode
Blattella,newNode
属性,newNode
武装组织,newNode
Acridoidea,newNode
复新生翅总群,newNode
music programmer,newNode
Leader,newNode
Category:粉蝨科,newNode
Category:蜚蠊科,newNode
数学对象,newNode
军事史,newNode
Category:蝗科,newNode
Category:直翅目,newNode
国际量制导出量,newNode
Category:Blattella germanica,newNode
Category:泵,newNode
论文,newNode
持续时间,newNode
人名学,newNode
exterior space,newNode
线 (几何),newNode
标量类别,newNode
Portal:军事,newNode
Category:面积,newNode
Ledare,newNode
full object name,newNode
自然景观,newNode
庭园,newNode
类,newNode
定性性质,newNode
Category:军事,newNode
ISO 80000–3:2006: Quantities and units—Part 3: Space and time,newNode
时间间隔,newNode
personal data,newNode
内含属性,newNode
自然现象,newNode
元类,newNode
有机物质,newNode
研究项目,newNode
Template:数据类型,newNode
大地测量学,newNode
Category:量,newNode
Category:Families (biology),newNode
personal name system,newNode
z-axis,newNode
meteorological concept,newNode
spatial arrangement,newNode
Category:自然保护区,newNode
Category:数据类型,newNode
玉攻棋,newNode
fluid accelerator,newNode
出生日期,newNode
Template:各文化人名,newNode
depth,newNode
air humidity,newNode
生物过程,newNode
行政区划类型,newNode
状况,newNode
Category:结构,newNode
list values as qualifiers,newNode
时间点,newNode
Category:人名,newNode
长篇小说,newNode
Template:Genarch,newNode
human-geographic territorial entity,newNode
储能技术,newNode
Reserva Natural (Spain),newNode
军人,newNode
丹·布朗,newNode
hierarchy of administrative territorial entities,newNode
EVERSPACE,newNode
forest reserve,newNode
度量尺度,newNode
双日出版社,newNode
pressed wood,newNode
木质纤维,newNode
manufactured product,newNode
absorbed or reflected object light,newNode
Template:Infobox subdivision,newNode
火灾,newNode
简易居所,newNode
property,newNode
武装部队,newNode
Category:人造木板,newNode
panel,newNode
Tsuga sect. Tsuga,newNode
欧洲赤松,newNode
光学现象,newNode
Template:Infobox administrative subdivision 2,newNode
燃烧,newNode
measure,newNode
军事,newNode
传染病,newNode
Category:Plywood,newNode
Abies chinensis,newNode
colorlessness,newNode
Category:行政领土实体,newNode
atmospheric phenomenon,newNode
质,newNode
蠕虫感染,newNode
Template:Infobox color,newNode
统计领土实体,newNode
Portal:气象,newNode
圣家堂,newNode
眼部疾病,newNode
Category:Tsuga chinensis,newNode
Template:Color topics,newNode
Template:Infobox weather type,newNode
毕尔巴鄂古根海姆美术馆,newNode
intestinal disease,newNode
Category:颜色,newNode
Category:天气,newNode
罗柏·兰登,newNode
地狱,newNode
中枢神经系统疾病,newNode
comburent,newNode
Strongylida infectious disease,newNode
催化,newNode
广东住血线虫,newNode
感染科,newNode
bovine disease,newNode
Picornaviridae infectious disease,newNode
dog disease,newNode
法定传染病,newNode
Morbillivirus infectious disease,newNode
病毒感染,newNode
swine disease,newNode
Central nervous system viral disease,newNode
Poxviridae infectious disease,newNode
Canine distemper virus,newNode
Varicellovirus infectious disease,newNode
feline infectious disease,newNode
Rhabdoviridae infectious disease,newNode
Category:Foot-and-mouth disease,newNode
rare skin disease,newNode
horse disease,newNode
体育场地,newNode
绿色空间,newNode
Henri Carré,newNode
Aladár Aujeszky,newNode
瘟疫病毒属,newNode
cat disease,newNode
arbovirosis,newNode
public assembly hall,newNode
公共空间,newNode
Suid herpesvirus 1,newNode
classical swine fever,newNode
primary bacterial infectious disease,newNode
skin infection,newNode
infectious disease with epilepsy,newNode
旅行住宿,newNode
画廊，图书馆，档案馆和博物馆,newNode
室内运动场地,newNode
Category:Monkeypox,newNode
bacterial infectious disease,newNode
flavivirus infectious disease,newNode
文化组织,newNode
建筑结构,newNode
家猪,newNode
正链单股RNA病毒,newNode
白喉杆菌,newNode
脑病变,newNode
infectious disease of the nervous system,newNode
Accommodation and food service act,newNode
collection,newNode
Category:Gyms,newNode
Template:Infobox park,newNode
yellow fever virus,newNode
Japanese encephalitis virus,newNode
地理实体,newNode
图书馆信息学,newNode
旅游胜地,newNode
健身房,newNode
Category:公园,newNode
Elek's test,newNode
瘫痪,newNode
geonosis,newNode
服务,newNode
8月10日,newNode
museum director,newNode
D'Société de gymnastique,newNode
aquaphobia,newNode
破伤风梭菌,newNode
10月24日,newNode
tylosin,newNode
心跳过缓,newNode
发冷,newNode
hotel building,newNode
Template:Infobox library,newNode
博物馆建筑,newNode
Category:白喉,newNode
失眠,newNode
疲倦,newNode
关节疼痛,newNode
metocurine iodide,newNode
Template:Infobox hotel,newNode
Category:图书馆,newNode
Template:Infobox museum,newNode
暴露后预防疗法,newNode
头痛,newNode
Category:旅馆,newNode
Category:博物馆,newNode
Category:狂犬病,newNode
orphenadrine,newNode
发绀,newNode
cyclobenzaprine,newNode
mosquito borne transmission,newNode
落枕,newNode
methocarbamol,newNode
Orthodox Theological Encyclopedia,newNode
Sabethes,newNode
Category:破伤风,newNode
Category:以博物馆命名的分类,newNode
Haemagogus,newNode
Culex tritaeniorhynchus,newNode
博物馆专题,newNode
Category:黄热病,newNode
Category:Japanese encephalitis,newNode
Special collections,newNode
阿姆斯特丹国家博物馆,newNode
library building,newNode
paper museum,newNode
library system,newNode
library collection,newNode
老楞佐图书馆,newNode
大英图书馆,newNode
梵蒂冈宗座图书馆,newNode
沉积物,newNode
纽约公共图书馆,newNode
Filmfare Award for Best Film – Kannada,newNode
颗粒材料,newNode
行政领土实体,newNode
国立国会图书馆,newNode
roadway noise,newNode
psammite,newNode
Category:省,newNode
land waters,newNode
参考系,newNode
cordon,newNode
电线,newNode
Category:温泉,newNode
Shi,newNode
亚历山大图书馆,newNode
natural building material,newNode
Category:咸水湖,newNode
Category:淡水湖,newNode
Joseph Glidden,newNode
WikiProject Heritage institutions,newNode
Category:Drainage systems,newNode
spatial reference system,newNode
dry bulk cargo,newNode
港湾,newNode
Category:石姓,newNode
Rock of the year,newNode
第一元素,newNode
hydraulic structure,newNode
类似乡级单位,newNode
人类聚居地,newNode
地质洼地,newNode
list of watermills,newNode
Category:沙,newNode
博物馆,newNode
Category:Watermills,newNode
风,newNode
Category:Wharves,newNode
agricultural complexes,newNode
姜堰区,newNode
风成地貌,newNode
冰河地形,newNode
ice cover,newNode
令状,newNode
自然地理特征,newNode
Category:风车,newNode
场部社区,newNode
Category:牧场,newNode
林场虚拟生活区,newNode
Category:溶洞,newNode
karstology,newNode
冰碛物,newNode
delimitation,newNode
Template:Infobox crater data,newNode
Arena,newNode
内滩部社区,newNode
东八区,newNode
Category:沙丘,newNode
Category:喀斯特地形,newNode
Category:Moraines,newNode
Category:边境分界线,newNode
Category:陨石坑,newNode
发阳部社区,newNode
释姓,newNode
Template:Infobox glacier,newNode
Encyclopedia of Global Justice (2011 ed.),newNode
windmill sail,newNode
Seok,newNode
外滩部社区,newNode
比丘,newNode
Template:冰川,newNode
县场部社区,newNode
Category:冰川,newNode
stone mark,newNode
边境,newNode
师,newNode
international border,newNode
flood defense,newNode
天然水道,newNode
artificial geographic entity,newNode
water reservoir,newNode
civil engineering construction,newNode
concrete breakwater element,newNode
still waters,newNode
Template:Infobox reservoir,newNode
artificial landform,newNode
Category:Spillways,newNode
飞行场,newNode
signal towers (elevated structures),newNode
biotope of the year,newNode
人行过街天桥,newNode
Category:Breakwaters,newNode
水库,newNode
盖亚幻想记,newNode
Category:水库,newNode
Category:Dikes,newNode
intake tower,newNode
树干,newNode
station,newNode
floating object,newNode
世界河流列表,newNode
Category:长城,newNode
地下建筑,newNode
Template:Infobox airport,newNode
geographical marker,newNode
激发光,newNode
Template:河川,newNode
groyne at beach,newNode
湖沼学,newNode
history of the Great Wall of China,newNode
储水库,newNode
Category:机场,newNode
地理对象,newNode
航海术语列表,newNode
Category:Milestones,newNode
Template:Infobox river,newNode
Template:Pond,newNode
walkway,newNode
Encyclopedia of American Urban History,newNode
设施,newNode
Category:Causeways,newNode
道路类型,newNode
停车场,newNode
水类运动,newNode
Category:河流,newNode
Category:池塘,newNode
Template:Infobox tunnel,newNode
列车交会,newNode
Kōji,newNode
灯塔学,newNode
Category:River,newNode
vivarium,newNode
Category:隧道,newNode
airport infrastructure,newNode
教育机构,newNode
中国建筑,newNode
religious building,newNode
Category:高速公路,newNode
德尼县,newNode
passing place,newNode
世界灯塔列表,newNode
The Great Wall,newNode
中控室,newNode
医疗设施,newNode
Template:Infobox school,newNode
视觉艺术,newNode
主干道,newNode
Category:公路,newNode
slipway,newNode
list of oldest lighthouses,newNode
adit entrance,newNode
public building,newNode
乌克兰村庄,newNode
monitoring station,newNode
appendage,newNode
模板:学校,newNode
Template:Infobox mosque,newNode
封闭式道路,newNode
Highway,newNode
list of tallest lighthouses in the world,newNode
Airway Airport,newNode
紧急服务,newNode
sacred architecture,newNode
圣祠,newNode
Category:气象台,newNode
Category:学校,newNode
Template:Infobox monument,newNode
Category:清真寺,newNode
list of no longer existing lighthouses,newNode
医疗系统,newNode
宗教场所,newNode
material-handling equipment,newNode
建筑元素,newNode
烤炉,newNode
储存,newNode
工业建筑,newNode
rural settlement,newNode
科斯托皮尔区,newNode
Category:纪念性建筑物,newNode
please take off your shoes,newNode
Portal:Lighthouses,newNode
chief physician,newNode
祝圣,newNode
Category:神庙,newNode
homestead,newNode
UTC+02:00,newNode
测量仪器,newNode
小孩子学生,newNode
Template:Infobox lighthouse,newNode
river water body,newNode
Template:Infobox hospital,newNode
Category:石窟,newNode
建筑风格,newNode
特区 (中国县级行政区),newNode
Category:油库,newNode
farming business,newNode
Category:首都,newNode
UTC+03:00,newNode
weather house,newNode
纪念建筑,newNode
Template:Lighthouses,newNode
Category:医院,newNode
Template:Infobox church,newNode
human energy,newNode
苏联大百科全书,newNode
Category:烟囱,newNode
Category:窑,newNode
气候,newNode
输电网路,newNode
Category:农场,newNode
Category:Capitals,newNode
air quality monitoring station,newNode
cellar,newNode
学校科目,newNode
monument,newNode
Category:灯塔,newNode
Category:教堂,newNode
Template:Infobox crane,newNode
Category:Electrical substations,newNode
畜舍,newNode
法语国家和地区的行政中心,newNode
学校图书馆,newNode
History of lighthouses,newNode
Category:以河流命名的分类,newNode
Category:起重机,newNode
cleaning of chimneys,newNode
三角点,newNode
seat,newNode
school building,newNode
reception ward,newNode
geodetic station,newNode
首尔,newNode
hospital bed,newNode
Church,newNode
测量,newNode
hospital building,newNode
congregation,newNode
弗朗西斯敦,newNode
hospital,newNode
疗养院,newNode
Category:Wikipedia categories named after churches,newNode
lantern,newNode
WikiProject Lighthouses,newNode
侵蚀作用,newNode
土壤退化作用,newNode
phanerophyte,newNode
aquatic organisms,newNode
演员,newNode
栖息地,newNode
荒漠列表,newNode
Category:灌木,newNode
Category:水生植物,newNode
华纳音乐集团,newNode
Category:Soil erosion,newNode
放牧,newNode
Category:沙漠,newNode
金叶桧,newNode
Chukrasia tabularis,newNode
首都师范大学,newNode
Category:Meadows,newNode
固着器,newNode
声乐,newNode
楝属,newNode
割舌树属,newNode
鸦胆子属,newNode
Hydrophyte,newNode
罗氏盐肤木,newNode
Prostrate shrub,newNode
斑鸠菊属,newNode
糙皮桦,newNode
Category:Betula albosinensis,newNode
nucule,newNode
金合欢族,newNode
基名,newNode
苏木亚科,newNode
Mimosa catechu,newNode
Mimosa chinensis,newNode
Category:Betula davurica,newNode
Category:Acacia mearnsii,newNode
海红豆属,newNode
八宝树属,newNode
Acacia penninervis,newNode
catechu,newNode
Haigh,newNode
Adenanthera gersenii,newNode
Lagerstroemia grandiflora,newNode
Template:Taxonomy/Acacia,newNode
Category:Senegalia catechu,newNode
Haig,newNode
Category:Albizia julibrissin,newNode
紫树属,newNode
Adenanthera polita,newNode
Category:金合欢属,newNode
Uvaria odorata,newNode
Entada arborea,newNode
Category:Cananga odorata,newNode
Corallaria parvifolia,newNode
Ylang-ylang essential oils,newNode
Category:Adenanthera pavonina,newNode
Bischofia,newNode
檀属,newNode
Category:Bischofia javanica,newNode
叶下珠属,newNode
叶轮木属,newNode
Category:Styphnolobium japonicum,newNode
Category:Phyllanthus emblica,newNode
Croton philippensis,newNode
Ricinus apelta,newNode
阿姆拉,newNode
血桐属,newNode
Category:Mallotus philippensis,newNode
Tree of the year,newNode
山麻杆属,newNode
木奶果属,newNode
棒柄花属,newNode
Category:Robinia pseudoacacia,newNode
Cedro,newNode
Thuja subg. Thuja,newNode
Thujopsis,newNode
Thuja dolabrata,newNode
Category:Thuja plicata,newNode
Category:Thuja occidentalis,newNode
Narrative of a Journey in the Interior of China,newNode
Category:Thujopsis dolabrata,newNode
Category:Juniperus sabina,newNode
明史卷二百三十九,newNode
Juniperus sect. Juniperus,newNode
杜松子,newNode
扁柏属,newNode
Cupressus lawsoniana,newNode
Retinospora obtusa,newNode
Category:Cupressus gigantea,newNode
Category:Chamaecyparis lawsoniana,newNode
Category:Chamaecyparis obtusa,newNode
Alniphyllum,newNode
Category:Juniperus communis,newNode
Halesia fortunei,newNode
榕属,newNode
Category:Ficus altissima,newNode
沉香属,newNode
桂木属,newNode
Category:Cephalotaxus fortunei,newNode
臀果木属,newNode
Solanum subg. Leptostemonum,newNode
符号,newNode
Category:Pyrus calleryana,newNode
亚种,newNode
Category:国花,newNode
Wendlandia uvariifolia,newNode
Catunaregam,newNode
Gardenia spinosa,newNode
钩藤属,newNode
腰果属,newNode
异株荨麻,newNode
黄连木属,newNode
cashew nut,newNode
Category:Urtica,newNode
Category:Rhus chinensis,newNode
Spondias axillaris,newNode
Amygdalus communis,newNode
cashew apple,newNode
Amygdalus dulcis,newNode
Category:Cashew,newNode
Acer subtrilobum,newNode
木樨属,newNode
Linociera,newNode
almond,newNode
Olea fragrans,newNode
Syringa amurensis,newNode
Category:Acer ginnala,newNode
Category:Prunus dulcis,newNode
Category:Osmanthus fragrans,newNode
山桂花属,newNode
Category:Acer buergerianum,newNode
巴德姆,newNode
Category:Bombax ceiba,newNode
Category:Casuarina equisetifolia,newNode
Xylosma leprosipes,newNode
Category:Ficus pumila,newNode
木兰属,newNode
合果含笑属,newNode
Category:Magnolia officinalis,newNode
Magnoliae Cortex,newNode
Magnoliae Flos,newNode
Category:Magnolia liliiflora,newNode
yellow poplar,newNode
Category:Magnolia obovata,newNode
Category:Magnolia denudata,newNode
Category:Magnolia grandiflora,newNode
Category:Liriodendron tulipifera,newNode
大青属,newNode
竹柏属,newNode
Myrica nagi,newNode
Cornutia quinata,newNode
Category:Catalpa ovata,newNode
香椿属,newNode
Cedrela sinensis,newNode
松属,newNode
Pinus sect. Taeda,newNode
Category:Toona sinensis,newNode
Category:Toona ciliata,newNode
Pinus sect. Pinus,newNode
Pinus subsect. Gerardianae,newNode
Category:Pinus densata,newNode
Category:Pinus radiata,newNode
Category:Pinus coulteri,newNode
Pinus sect. Australes,newNode
Pinus sect. Strobus,newNode
negligible senescence,newNode
Category:Pinus densiflora,newNode
Category:Pinus bungeana,newNode
Category:Pinus longaeva,newNode
Abies gmelinii,newNode
Category:Pinus palustris,newNode
Category:Pinus strobus,newNode
Larix chinensis,newNode
Category:Larix potaninii,newNode
约翰·乔治·格梅林,newNode
Pinus kaempferi,newNode
Category:Larix decidua,newNode
Category:Larix gmelinii,newNode
Category:Larix sibirica,newNode
Category:Larix kaempferi,newNode
风车藤属,newNode
台湾杉属,newNode
角乌,newNode
Sequoiadendron,newNode
落羽松属,newNode
Calamander wood,newNode
Thuja pensilis,newNode
Taxodium sempervirens,newNode
Cupressus disticha,newNode
Category:柿属,newNode
Sequoia gigantea (Lindl.) Decne.,newNode
金永成,newNode
Cryptomeria,newNode
山茱萸属,newNode
石栎属,newNode
Category:Metasequoia glyptostroboides,newNode
Category:Glyptostrobus pensilis,newNode
Wellingtonia gigantea,newNode
孙志镕,newNode
Category:Taxodium ascendens,newNode
Cupressus japonica,newNode
Quercus glabra,newNode
Category:Taxodium distichum,newNode
Japanese cedar wood,newNode
Category:Cornus controversa,newNode
青刚栎属,newNode
塞阔雅,newNode
Castanopsis henryi,newNode
Category:Castanea mollissima,newNode
Quercus Cortex,newNode
C. Fabre-Tonnerre,newNode
Category:Quercus variabilis,newNode
Category:Quercus mongolica,newNode
Category:Quercus aliena,newNode
infusion,newNode
热饮料,newNode
stimulant foodstuff,newNode
肉实属,newNode
软性饮料,newNode
non-alcoholic beverage,newNode
柯树属,newNode
人类群组,newNode
政治领土实体,newNode
蒙古奶茶,newNode
组织,newNode
一级行政区,newNode
warm water,newNode
gardening technique,newNode
mechanical property of materials,newNode
item with given name property,newNode
collective process,newNode
Portal:Countries,newNode
tea leaves,newNode
composting,newNode
林学,newNode
应力,newNode
书面作品,newNode
Template:Infobox country,newNode
Template:Infobox Tea,newNode
mulch,newNode
binder,newNode
soil type,newNode
喷出岩,newNode
园艺,newNode
历史小说,newNode
个人生活,newNode
Category:国家,newNode
Template:茶,newNode
historic building material,newNode
泥质结构,newNode
Category:Schist,newNode
石头,newNode
抗压强度,newNode
Middlesex,newNode
化名,newNode
Category:茶,newNode
Category:Compost,newNode
malleable material,newNode
Category:Basalt,newNode
Category:Shale,newNode
张力,newNode
杰佛瑞·尤金尼德斯,newNode
intrusive rock,newNode
sculpture material,newNode
法勒、斯特劳斯和吉鲁,newNode
关系状态,newNode
国籍,newNode
Entisol,newNode
Category:Clay,newNode
person property,newNode
Category:干姓,newNode
常用汉字,newNode
limestone exposure,newNode
Category:Slate,newNode
Category:Sandstone,newNode
月光石,newNode
潮解,newNode
人格性,newNode
黏土,newNode
车氏(李潮妻),newNode
Category:石灰石,newNode
铀,newNode
吕氏(李潮妻),newNode
性别,newNode
Category:按国家分类,newNode
李贤,newNode
Wikipedia:国家和地区专题,newNode
李兴,newNode
社会意识,newNode
高岭石,newNode
Category:Granite,newNode
Category:人物,newNode
自然人,newNode
granite,newNode
glaze pottery,newNode
Category:以人物命名的分类,newNode
Wikipedia:人权专题,newNode
单面山,newNode
Category:断崖,newNode
Template:Plain,newNode
爱森斯坦质数,newNode
中华民国 (1912–1949),newNode
Takayama,newNode
Category:丘陵,newNode
索菲热尔曼质数,newNode
bioconstruction,newNode
Category:Paddy fields,newNode
阶乘素数,newNode
Category:Salt evaporation ponds,newNode
Category:珊瑚礁,newNode
佩兰数列,newNode
翠亨村,newNode
合数,newNode
heterogeneous mixture,newNode
默慈金数,newNode
馀豸,newNode
陈同,newNode
亏数,newNode
贝尔数,newNode
自然死亡,newNode
彭氏(馀爌母),newNode
韩氏(陈爼母),newNode
平方数,newNode
landscape sphere,newNode
夏氏(馀爌妻),newNode
季氏(陈爼母),newNode
锥栗属,newNode
牛氏(陈爼继母),newNode
中心三角形数,newNode
Quercus sclerophylla,newNode
土壤科学,newNode
普洛尼克数,newNode
孙达成,newNode
樊氏(陈爼妻),newNode
四面体数,newNode
Category:Grevillea robusta,newNode
Category:Quercus acutissima,newNode
Category:Abies sibirica,newNode
斐波那契质数,newNode
孙眉,newNode
陈其常,newNode
2的幂,newNode
soil temperature,newNode
幻数,newNode
卢慕贞,newNode
严格非回文数,newNode
土壤pH值,newNode
陈粹芬,newNode
redox potential,newNode
费波拿契数,newNode
浅田春,newNode
soil texture,newNode
的士数,newNode
大月薰,newNode
Category:4 (number),newNode
soil porosity,newNode
Cantor number,newNode
宋庆龄,newNode
孙科,newNode
Category:土壤,newNode
二分之一,newNode
孙婉,newNode
宫川富美子,newNode
孙娫,newNode
Category:二,newNode
土层,newNode
买麻藤属,newNode
镇静剂,newNode
Rhoiptelea,newNode
土壤生命,newNode
second,newNode
Category:Callicarpa macrophylla,newNode
肉豆蔻属,newNode
Category:Callicarpa bodinieri,newNode
土壤气体,newNode
东莞市,newNode
泡花树属,newNode
食材,newNode
见血封喉属,newNode
鹊肾树属,newNode
Category:Antiaris toxicaria,newNode
WikiProject Climate change,newNode
暗罗属,newNode
Uvaria cerasoides,newNode
中华民国非常大总统,newNode
中华民国大总统,newNode
洪门,newNode
皇仁书院,newNode
普纳荷学校,newNode
意奥兰尼学校,newNode
香港华人西医书院,newNode
博济医学堂,newNode
旧金山,newNode
Haxell's Hotel,newNode
水体,newNode
FFH-Habitat,newNode
松阿察河,newNode
渠江,newNode
六冲河,newNode
锦江,newNode
规则,newNode
帕夫洛夫卡河,newNode
芙蓉江,newNode
中国国民党,newNode
Caopo River,newNode
Category:水井,newNode
transport building or structure,newNode
蓄水层,newNode
undersea landform,newNode
natural geographic entity,newNode
伊兹维林卡河,newNode
印江河,newNode
Category:长江流域,newNode
中国同盟会,newNode
二乔,newNode
Template:Infobox border,newNode
Category:暗礁,newNode
瀑布列表,newNode
阿尔谢尼耶夫卡河,newNode
永宁河 (嘉陵江支流),newNode
甘龙河,newNode
公理会,newNode
Template:Infobox Port,newNode
pipeline,newNode
香港已消失海湾,newNode
upper course,newNode
Category:International borders,newNode
穆棱河,newNode
西汉水,newNode
郁江 (乌江支流),newNode
borehole,newNode
Category:港口,newNode
防御工事,newNode
桥公,newNode
体积流率,newNode
挠力河,newNode
濯河,newNode
Category:岷江水系,newNode
轮轴,newNode
小乔,newNode
Template:Infobox spring,newNode
大溪河,newNode
Category:孙中山,newNode
喷泉,newNode
Category:城墙,newNode
孙策,newNode
Category:泉,newNode
对外关系,newNode
Template:Infobox waterfall,newNode
霍尔河,newNode
洪渡河,newNode
孙绍,newNode
Category:瀑布,newNode
Bira,newNode
Obalky knih.cz,newNode
Lady Sun,newNode
大乌苏尔卡河,newNode
石阡河,newNode
比金河,newNode
馀庆河,newNode
Mukhen,newNode
清水河 (乌江),newNode
Amur basin,newNode
偏岩河,newNode
Template:海河,newNode
六池河,newNode
Category:Hai River,newNode
野济河,newNode
Category:海河水系,newNode
滨海边疆区,newNode
Category:Ussuri River,newNode
Category:Ussuri Basin,newNode
Larousse Encyclopedia online,newNode
始蛙亚目,newNode
Category:乌江水系,newNode
Category:Discoglossidae,newNode
Alytidae,newNode
Category:Pinus massoniana,newNode
新蛙亚目,newNode
Category:姬蛙科,newNode
麝鼹属,newNode
蹄蝠属,newNode
Viverricula,newNode
獾属,newNode
猫型亚目,newNode
獴属,newNode
Arctictis,newNode
Paguma,newNode
Aeluroidea,newNode
Category:Viverrids,newNode
Feloidea,newNode
Category:Meles meles,newNode
Rangifer,newNode
Category:Arctictis binturong,newNode
Bos frontalis,newNode
reindeer fur,newNode
Category:猫科,newNode
Category:Reindeer,newNode
mythological feline,newNode
大英百科全书第十一版,newNode
purr,newNode
New International Encyclopedia (1902—05),newNode
Coracias,newNode
林鸮属,newNode
雕鸮属,newNode
Category:Coracias garrulus,newNode
Category:Strix uralensis,newNode
棋子豆属,newNode
Category:Bubo scandiacus,newNode
Category:Asio otus,newNode
Category:Strix aluco,newNode
Aglaia polystachya,newNode
Category:Asio flammeus,newNode
Inga clypearia,newNode
Dipodoidea,newNode
Eozapus,newNode
原羚属,newNode
Orientallactaga,newNode
Category:Calocedrus macrolepis,newNode
二足行走,newNode
Category:Aphanamixis polystachya,newNode
hopping gait,newNode
Category:跳鼠科,newNode
岩浆,newNode
assembly,newNode
Template:Vegetation,newNode
Category:Alkaline soils,newNode
观测台,newNode
李焘,newNode
Latin phrase,newNode
Category:Lava,newNode
Category:植被,newNode
天文台列表,newNode
张氏(李壁妻),newNode
jargon word,newNode
地理地区,newNode
状态,newNode
甘河,newNode
Category:天文台,newNode
火山活动,newNode
经院哲学,newNode
Category:流域,newNode
meteorological disaster,newNode
heavy rain,newNode
plant community,newNode
Muddy flood,newNode
Sui generis,newNode
Category:旱灾,newNode
火山喷发类型,newNode
teak,newNode
Abies sibirica var. nephrolepis,newNode
森林开伐,newNode
magnetic observatory,newNode
Category:Abies holophylla,newNode
Category:山崩,newNode
卓瑞尔河岸天文台,newNode
泰什河,newNode
Category:Abies nephrolepis,newNode
Category:Abies fargesii,newNode
Yuzhakov Big Encyclopedia,newNode
